Location,Name,Frequency,Duplex,Offset,Tone,rToneFreq,cToneFreq,DtcsCode,DtcsPolarity,RxDtcsCode,CrossMode,Mode,TStep,Skip,Power,Comment,URCALL,RPT1CALL,RPT2CALL,DVCODE
1, GMRS 1,462.562500,,0.000000,Tone,91.5,91.5,023,NN,023,Tone->Tone,FM,5.00,,2.5W,,,,,
2, GMRS 2,462.587500,,0.000000,Tone,91.5,91.5,023,NN,023,Tone->Tone,FM,5.00,,2.5W,,,,,
3, GMRS 3,462.612500,,0.000000,Tone,91.5,91.5,023,NN,023,Tone->Tone,FM,5.00,,2.5W,,,,,
4, GMRS 4,462.637500,,0.000000,Tone,91.5,91.5,023,NN,023,Tone->Tone,FM,5.00,,2.5W,,,,,
5, GMRS 5,462.662500,,0.000000,Tone,91.5,91.5,023,NN,023,Tone->Tone,FM,5.00,,2.5W,,,,,
6, GMRS 6,462.687500,,5.000000,Tone,91.5,91.5,023,NN,023,Tone->Tone,FM,5.00,,2.5W,,,,,
7, GMRS 7,462.712500,,0.000000,Tone,91.5,91.5,023,NN,023,Tone->Tone,FM,5.00,,2.5W,,,,,
8, FRS 08,467.562500,,0.000000,Tone,91.5,91.5,023,NN,023,Tone->Tone,NFM,5.00,,0.5W,,,,,
9, FRS 09,467.587500,,0.000000,Tone,91.5,91.5,023,NN,023,Tone->Tone,NFM,5.00,,0.5W,,,,,
10, FRS 10,467.612500,,0.000000,Tone,91.5,91.5,023,NN,023,Tone->Tone,NFM,5.00,,0.5W,,,,,
11, FRS 11,467.637500,,0.000000,Tone,91.5,91.5,023,NN,023,Tone->Tone,NFM,5.00,,0.5W,,,,,
12, FRS 12,467.662500,,0.000000,Tone,91.5,91.5,023,NN,023,Tone->Tone,NFM,5.00,,0.5W,,,,,
13, FRS 13,467.687500,,0.000000,Tone,91.5,91.5,023,NN,023,Tone->Tone,NFM,5.00,,0.5W,,,,,
14, FRS 14,467.712500,,0.000000,Tone,91.5,91.5,023,NN,023,Tone->Tone,NFM,5.00,,0.5W,,,,,
15, GMRS 15,462.550000,,0.000000,Tone,91.5,91.5,023,NN,023,Tone->Tone,FM,5.00,,5.0W,,,,,
16, GMRS 16,462.575000,,0.000000,Tone,91.5,91.5,023,NN,023,Tone->Tone,FM,5.00,,5.0W,,,,,
17, GMRS 17,462.600000,,0.000000,Tone,91.5,91.5,023,NN,023,Tone->Tone,FM,5.00,,5.0W,,,,,
18, GMRS 18,462.625000,,0.000000,Tone,91.5,91.5,023,NN,023,Tone->Tone,FM,5.00,,5.0W,,,,,
19, GMRS 19,462.650000,,0.000000,Tone,91.5,91.5,023,NN,023,Tone->Tone,FM,5.00,,5.0W,,,,,
20, GMRS 20,462.675000,,0.000000,Tone,91.5,91.5,023,NN,023,Tone->Tone,FM,5.00,,5.0W,,,,,
21, GMRS 21,462.700000,,5.000000,Tone,91.5,91.5,023,NN,023,Tone->Tone,FM,5.00,,5.0W,,,,,
22, GMRS 22,462.725000,,0.000000,Tone,91.5,91.5,023,NN,023,Tone->Tone,FM,5.00,,5.0W,,,,,
23, RPTR 15,462.550000,+,5.000000,TSQL,141.3,141.3,023,NN,023,Tone->Tone,FM,5.00,,5.0W,,,,,
24, RPTR 16,462.575000,+,5.000000,TSQL,141.3,141.3,023,NN,023,Tone->Tone,FM,5.00,,5.0W,,,,,
25, RPTR 17,462.600000,+,5.000000,TSQL,141.3,141.3,023,NN,023,Tone->Tone,FM,5.00,,5.0W,,,,,
26, RPTR 18,462.625000,+,5.000000,TSQL,141.3,141.3,023,NN,023,Tone->Tone,FM,5.00,,5.0W,,,,,
27, RPTR 19,462.650000,+,5.000000,TSQL,141.3,141.3,023,NN,023,Tone->Tone,FM,5.00,,5.0W,,,,,
28, RPTR 20,462.675000,+,5.000000,TSQL,141.3,141.3,023,NN,023,Tone->Tone,FM,5.00,,5.0W,,,,,
29, RPTR 21,462.700000,+,5.000000,TSQL,141.3,141.3,023,NN,023,Tone->Tone,FM,5.00,,5.0W,,,,,
30, RPTR 22,462.725000,+,5.000000,TSQL,141.3,141.3,023,NN,023,Tone->Tone,FM,5.00,,5.0W,,,,,
31,SEATTLE1,462.550000,+,5.000000,TSQL,103.5,103.5,023,NN,023,Tone->Tone,FM,5.00,,5.0W,,,,,
32,SEATTLE2,462.575000,+,5.000000,TSQL,103.5,103.5,023,NN,023,Tone->Tone,FM,5.00,,5.0W,,,,,
33,SEATTLE3,462.600000,+,5.000000,TSQL,141.3,141.3,023,NN,023,Tone->Tone,FM,5.00,,5.0W,,,,,
34,SEATTLE4,462.625000,+,5.000000,TSQL,100.0,100.0,023,NN,023,Tone->Tone,FM,5.00,,5.0W,,,,,
35,SEKRIT 5,462.650000,+,5.000000,TSQL,141.3,141.3,023,NN,023,Tone->Tone,FM,5.00,,5.0W,,,,,
36,SEATTLE6,462.675000,+,5.000000,TSQL,141.3,141.3,023,NN,023,Tone->Tone,FM,5.00,,5.0W,,,,,
38,SEATTLE8,462.725000,+,5.000000,TSQL,103.5,103.5,023,NN,023,Tone->Tone,FM,5.00,,5.0W,,,,,
39,g GOLDMT,462.600000,+,5.000000,TSQL,77.0,77.0,023,NN,023,Tone->Tone,FM,5.00,,5.0W,,,,,
40,g SEATAC,462.725000,+,5.000000,TSQL,123.0,123.0,023,NN,023,Tone->Tone,FM,5.00,,5.0W,,,,,
41, MURS 1,151.820000,,0.000000,Tone,91.5,91.5,023,NN,023,Tone->Tone,NFM,5.00,,2.5W,,,,,
42, MURS 2,151.880000,,0.000000,Tone,91.5,91.5,023,NN,023,Tone->Tone,NFM,5.00,,2.5W,,,,,
43, MURS 3,151.940000,,0.000000,Tone,91.5,91.5,023,NN,023,Tone->Tone,NFM,5.00,,2.5W,,,,,
44, MURS 4,154.570000,,0.000000,Tone,91.5,91.5,023,NN,023,Tone->Tone,FM,5.00,,2.5W,,,,,
45, MURS 5,154.600000,,0.000000,Tone,91.5,91.5,023,NN,023,Tone->Tone,FM,5.00,,2.5W,,,,,
46,WSFerry,151.040000,off,0.000000,,88.5,88.5,023,NN,023,Tone->Tone,NFM,5.00,,2.5W,WSFerries Deck operations,,,,
47,WX KHB60,162.550000,off,0.000000,,88.5,88.5,023,NN,023,Tone->Tone,FM,5.00,S,0.5W,NOAA Cougar Mtn / KIH36 Neah Bay,,,,
48,WX KAD93,162.525000,off,0.000000,,88.5,88.5,023,NN,023,Tone->Tone,FM,5.00,S,0.5W,NOAA Blaine area,,,,
49,WX WXM62,162.475000,off,0.000000,,88.5,88.5,023,NN,023,Tone->Tone,FM,5.00,S,0.5W,NOAA Capitol Peak,,,,
50,WX WXN21,162.400000,off,0.000000,,88.5,88.5,023,NN,023,Tone->Tone,FM,5.00,S,0.5W,NOAA Cle Elum / KEC91 Astoria,,,,
51,WX WWG24,162.425000,off,0.000000,,88.5,88.5,023,NN,023,Tone->Tone,FM,5.00,S,0.5W,NOAA Puget Sound Marine Forecast,,,,
52, AHOY 2m,146.520000,split,146.520000,Tone,91.5,91.5,023,NN,023,Tone->Tone,FM,5.00,,5.0W,,,,,
55,DBLNICKL,146.550000,split,146.550000,Tone,91.5,91.5,023,NN,023,Tone->Tone,NFM,5.00,,5.0W,,,,,
56,AHOY 446,446.000000,split,446.000000,Tone,91.5,91.5,023,NN,023,Tone->Tone,FM,5.00,,5.0W,,,,,
57,56 SMPLX,146.560000,split,146.560000,Tone,91.5,88.5,023,NN,023,Tone->Tone,FM,5.00,,5.0W,,,,,
58,ADVNTURE,146.580000,split,146.580000,Tone,91.5,91.5,023,NN,023,Tone->Tone,FM,5.00,,5.0W,,,,,
59,SQUIRREL,147.480000,split,147.480000,Tone,91.5,91.5,023,NN,023,Tone->Tone,NFM,5.00,,5.0W,,,,,
60,McDONALD,146.840000,-,0.600000,Tone,100.0,88.5,023,NN,023,Tone->Tone,FM,5.00,,5.0W,,,,,
61, NewHrzn,146.980000,-,0.600000,Tone,103.5,88.5,023,NN,023,Tone->Tone,FM,5.00,,5.0W,,,,,
62, BRENTON,146.680000,-,0.600000,Tone,141.3,88.5,023,NN,023,Tone->Tone,FM,5.00,,5.0W,,,,,
63,SaltSprg,147.320000,+,0.600000,Tone,88.5,88.5,023,NN,023,Tone->Tone,FM,5.00,,5.0W,,,,,
64,VE7RPT,146.940000,-,0.600000,Tone,136.5,88.5,023,NN,023,Tone->Tone,FM,5.00,,5.0W,,,,,
65,Bham ECG,442.250000,+,5.000000,Tone,156.7,88.5,023,NN,023,Tone->Tone,FM,5.00,,5.0W,,,,,
66,CLALLAM,146.760000,-,0.600000,Tone,100.0,88.5,023,NN,023,Tone->Tone,FM,5.00,,5.0W,,,,,
67,Pt Towns,145.150000,-,0.600000,Tone,114.8,88.5,023,NN,023,Tone->Tone,FM,5.00,,5.0W,,,,,
68,BLYN EQO,442.100000,+,5.000000,Tone,100.0,100.0,023,NN,023,Tone->Tone,FM,5.00,,5.0W,,,,,
69,MT CONST,146.740000,-,0.600000,Tone,103.5,103.5,023,NN,023,Tone->Tone,FM,5.00,,5.0W,,,,,
70, LYMAN,145.190000,-,0.600000,Tone,127.3,88.5,023,NN,023,Tone->Tone,FM,5.00,,5.0W,,,,,
71,u CAMANO,441.050000,+,5.000000,Tone,103.5,88.5,023,NN,023,Tone->Tone,FM,5.00,,5.0W,,,,,
72,Granite,146.925000,-,0.600000,Tone,156.7,88.5,023,NN,023,Tone->Tone,NFM,5.00,,5.0W,WA7DEM,,,,
73,vEVERETT,147.180000,+,0.600000,Tone,103.5,103.5,023,NN,023,Tone->Tone,FM,5.00,,5.0W,,,,,
74,BuckK7DK,440.950000,+,5.000000,Tone,110.9,88.5,023,NN,023,Tone->Tone,FM,5.00,,5.0W,,,,,
75,Bainbrdg,444.475000,+,5.000000,Tone,103.5,103.5,023,NN,023,Tone->Tone,FM,5.00,,5.0W,,,,,
76,KITSAP W,145.425000,-,0.600000,Tone,88.5,88.5,023,NN,023,Tone->Tone,NFM,5.00,,5.0W,KD7WDG,,,,
77,GOLD MTN,146.620000,-,0.600000,Tone,103.5,103.5,023,NN,023,Tone->Tone,FM,5.00,,5.0W,,,,,
78,BawFawPk,147.060000,+,0.600000,Tone,110.9,88.5,023,NN,023,Tone->Tone,FM,5.00,,5.0W,,,,,
79,ASHFORD,145.250000,-,0.600000,Tone,151.4,88.5,023,NN,023,Tone->Tone,FM,5.00,,5.0W,,,,,
80,CrawfrDK,147.380000,+,0.600000,Tone,103.5,88.5,023,NN,023,Tone->Tone,FM,5.00,,5.0W,,,,,
81,Tig RAS,147.100000,+,0.600000,Tone,123.0,88.5,023,NN,023,Tone->Tone,FM,5.00,,5.0W,,,,,
82, MICnKEY,146.820000,-,0.600000,Tone,103.5,103.5,023,NN,023,Tone->Tone,FM,5.00,,5.0W,,,,,
83, STR CGR,147.080000,+,0.600000,Tone,103.5,103.5,023,NN,023,Tone->Tone,FM,5.00,,5.0W,,,,,
84, WA7HJR,444.650000,+,5.000000,Tone,131.8,131.8,023,NN,023,Tone->Tone,FM,5.00,,5.0W,,,,,
85,Snov ARC,441.825000,+,5.000000,Tone,103.5,103.5,023,NN,023,Tone->Tone,FM,5.00,,5.0W,,,,,
86,GRASSMTN,145.370000,-,0.600000,Tone,136.5,136.5,023,NN,023,Tone->Tone,FM,5.00,,5.0W,,,,,
87,N7OEP S,443.175000,+,5.000000,Tone,107.2,107.2,023,NN,023,Tone->Tone,FM,5.00,,5.0W,,,,,
88,FEDRLWAY,146.760000,-,0.600000,Tone,103.5,103.5,023,NN,023,Tone->Tone,FM,5.00,,5.0W,,,,,
89,Tacoma28,145.210000,-,0.600000,Tone,141.3,88.5,023,NN,023,Tone->Tone,FM,5.00,,5.0W,,,,,
90,COLVMBIA,444.550000,+,5.000000,Tone,141.3,141.3,023,NN,023,Tone->Tone,FM,5.00,,5.0W,,,,,
92,KB9IQX-S,439.425000,,0.000000,Tone,91.5,88.5,023,NN,023,Tone->Tone,NFM,5.00,,5.0W,,,,,
94,OEP 4FM,440.075000,+,5.000000,Tone,103.5,88.5,023,NN,023,Tone->Tone,FM,5.00,,5.0W,,,,,
95,WEST SEA,441.800000,+,5.000000,Tone,141.3,141.3,023,NN,023,Tone->Tone,FM,5.00,,5.0W,,,,,
96,Lk Wash,443.325000,+,5.000000,Tone,103.5,88.5,023,NN,023,Tone->Tone,FM,5.00,,5.0W,,,,,
97,AHOY 446,446.000000,split,446.000000,Tone,91.5,91.5,023,NN,023,Tone->Tone,FM,5.00,,5.0W,,,,,
98, WW7PSR,146.960000,-,0.600000,Tone,103.5,88.5,023,NN,023,Tone->Tone,FM,5.00,,5.0W,,,,,
99,AJ7JA 9A,444.375000,+,5.000000,Tone,88.5,88.5,023,NN,023,Tone->Tone,FM,5.00,,5.0W,,,,,
100, CHAN 9B,440.100000,+,5.000000,Tone,110.9,110.9,023,NN,023,Tone->Tone,FM,5.00,,5.0W,,,,,
101,CAPITOL1,443.025000,+,5.000000,Tone,141.3,141.3,023,NN,023,Tone->Tone,FM,5.00,,5.0W,,,,,
102,CAPITOL2,442.875000,+,5.000000,Tone,141.3,141.3,023,NN,023,Tone->Tone,FM,5.00,,5.0W,,,,,
103,BEACON 1,440.525000,+,5.000000,Tone,141.3,141.3,023,NN,023,Tone->Tone,FM,5.00,,5.0W,,,,,
104,BEACON 2,442.300000,+,5.000000,Tone,141.3,141.3,023,NN,023,Tone->Tone,FM,5.00,,5.0W,,,,,
105,WESTCRST,443.200000,+,5.000000,Tone,141.3,141.3,023,NN,023,Tone->Tone,FM,5.00,,5.0W,,,,,
106,SoSeaCol,443.375000,+,5.000000,Tone,103.5,103.5,023,NN,023,Tone->Tone,FM,5.00,,5.0W,,,,,
107,Magnolia,443.475000,+,5.000000,Tone,141.3,141.3,023,NN,023,Tone->Tone,FM,5.00,,5.0W,,,,,
108,QuA KOMO,444.425000,+,5.000000,Tone,141.3,141.3,023,NN,023,Tone->Tone,FM,5.00,,5.0W,,,,,
109,QU ANNE,444.700000,+,5.000000,Tone,103.5,103.5,023,NN,023,Tone->Tone,FM,5.00,,5.0W,,,,,
110,MAPLEAF,443.650000,+,5.000000,Tone,141.3,88.5,023,NN,023,Tone->Tone,FM,5.00,,5.0W,,,,,
111,LakeFrPk,440.600000,+,5.000000,Tone,141.3,88.5,023,NN,023,Tone->Tone,FM,5.00,,5.0W,,,,,
112, KENMORE,442.000000,+,5.000000,Tone,141.3,88.5,023,NN,023,Tone->Tone,FM,5.00,,5.0W,,,,,
113,SHORLINE,442.825000,+,5.000000,Tone,103.5,88.5,023,NN,023,Tone->Tone,FM,5.00,,5.0W,,,,,
114,LYNNWOOD,146.780000,-,0.600000,DTCS,88.5,88.5,172,NN,172,Tone->Tone,FM,5.00,,5.0W,,,,,
115,BothLOCL,442.550000,+,5.000000,Tone,103.5,88.5,023,NN,023,Tone->Tone,FM,5.00,,5.0W,,,,,
116,u WOODIN,442.775000,+,5.000000,Tone,100.0,88.5,023,NN,023,Tone->Tone,FM,5.00,,5.0W,,,,,
117, RED OBY,440.675000,+,5.000000,Tone,103.5,88.5,023,NN,023,Tone->Tone,FM,5.00,,5.0W,,,,,
118, RED IYE,145.310000,-,0.600000,Tone,103.5,88.5,023,NN,023,Tone->Tone,FM,5.00,,5.0W,,,,,
119,Squak Mt,444.525000,+,5.000000,Tone,103.5,88.5,023,NN,023,Tone->Tone,FM,5.00,,5.0W,,,,,
120,v BOEING,145.330000,-,0.600000,Tone,179.9,88.5,023,NN,023,Tone->Tone,FM,5.00,,5.0W,,,,,
121,EastFire,440.250000,+,5.000000,Tone,123.0,88.5,023,NN,023,Tone->Tone,FM,5.00,,5.0W,,,,,
122, K7BEL,441.100000,+,5.000000,Tone,156.7,88.5,023,NN,023,Tone->Tone,FM,5.00,,5.0W,,,,,
123,Mercer U,440.150000,+,5.000000,Tone,103.5,88.5,023,NN,023,Tone->Tone,FM,5.00,,5.0W,,,,,
124, CGR OBY,443.325000,+,5.000000,Tone,103.5,88.5,023,NN,023,Tone->Tone,FM,5.00,,5.0W,,,,,
125, CGR BJI,444.850000,+,5.000000,Tone,103.5,88.5,023,NN,023,Tone->Tone,FM,5.00,,5.0W,,,,,
126,CGR WIDE,441.550000,+,5.000000,Tone,103.5,88.5,023,NN,023,Tone->Tone,FM,5.00,,5.0W,,,,,
127, CGR OET,444.325000,+,5.000000,Tone,100.0,88.5,023,NN,023,Tone->Tone,FM,5.00,,5.0W,,,,,
128,K7PP Cgr,443.400000,+,5.000000,Tone,123.0,88.5,023,NN,023,Tone->Tone,FM,5.00,,5.0W,,,,,
129,K7PP Gld,441.200000,+,5.000000,Tone,123.0,88.5,023,NN,023,Tone->Tone,FM,5.00,,5.0W,,,,,
130,KtspGOLD,441.175000,+,5.000000,Tone,103.5,88.5,023,NN,023,Tone->Tone,NFM,5.00,,5.0W,,,,,
131,CherylSt,444.075000,+,5.000000,Tone,103.5,88.5,023,NN,023,Tone->Tone,NFM,5.00,,5.0W,,,,,
132, SKYWAY,441.975000,+,5.000000,Tone,103.5,88.5,023,NN,023,Tone->Tone,FM,5.00,,5.0W,,,,,
133, RENTON,443.600000,+,5.000000,Tone,103.5,88.5,023,NN,023,Tone->Tone,FM,5.00,,5.0W,,,,,
134,Rent 441,441.475000,+,5.000000,Tone,103.5,88.5,023,NN,023,Tone->Tone,FM,5.00,,5.0W,,,,,
135,Rent IGT,441.450000,+,5.000000,Tone,123.0,88.5,023,NN,023,Tone->Tone,FM,5.00,,5.0W,,,,,
136,LkYOUNGS,441.375000,+,5.000000,Tone,173.8,88.5,023,NN,023,Tone->Tone,FM,5.00,,5.0W,,,,,
137,MAPLVLLY,147.260000,+,0.600000,Tone,103.5,88.5,023,NN,023,Tone->Tone,FM,5.00,,5.0W,,,,,
138, KENT,147.320000,+,0.600000,Tone,103.5,88.5,023,NN,023,Tone->Tone,FM,5.00,,5.0W,,,,,
139, AUBURN,147.240000,+,0.600000,Tone,123.0,88.5,023,NN,023,Tone->Tone,FM,5.00,,5.0W,,,,,
140,tig k7pf,146.880000,-,0.600000,,88.5,88.5,023,NN,023,Tone->Tone,FM,5.00,,5.0W,,,,,
141,tig BJI,146.875000,-,0.600000,Tone,103.5,88.5,023,NN,023,Tone->Tone,NFM,5.00,,5.0W,,,,,
142,SNOQULMI,444.925000,+,5.000000,Tone,85.4,88.5,023,NN,023,Tone->Tone,FM,5.00,,5.0W,,,,,
143,Snek BJI,442.150000,+,5.000000,Tone,103.5,88.5,023,NN,023,Tone->Tone,FM,5.00,,5.0W,KF7BJI Rattlesnake Ridge,,,,
144,PSE Snek,441.775000,+,5.000000,Tone,103.5,88.5,023,NN,023,Tone->Tone,FM,5.00,,5.0W,,,,,
145,SAR Snek,145.110000,-,0.600000,Tone,103.5,88.5,023,NN,023,Tone->Tone,FM,5.00,,5.0W,"KC7SAR Rattlesnake Ridge, North Bend WA; linked to Skykomish",,,,
146,Snek YSF,441.650000,+,5.000000,Tone,127.3,88.5,023,NN,023,Tone->Tone,FM,5.00,,5.0W,N7NFY Rattlesnake Ridge; YSF,,,,
147,  KNKS,88.700000,off,5.000000,,103.5,88.5,023,NN,023,Tone->Tone,FM,5.00,S,5.0W,,,,,
148,  C895,89.500000,off,0.000000,,103.5,88.5,023,NN,023,Tone->Tone,FM,5.00,S,5.0W,,,,,
149,  KEXP,90.300000,off,5.000000,,103.5,88.5,023,NN,023,Tone->Tone,FM,5.00,S,5.0W,,,,,
150,  KUOW,94.900000,off,0.000000,,103.5,88.5,023,NN,023,Tone->Tone,FM,5.00,S,5.0W,,,,,
151,,147.512500,split,147.512500,Tone,91.5,88.5,023,NN,023,Tone->Tone,NFM,5.00,,5.0W,147 simplex block,,,,
152,,147.520000,split,147.520000,Tone,91.5,88.5,023,NN,023,Tone->Tone,FM,5.00,,5.0W,147 simplex block,,,,
153,,147.525000,split,147.525000,Tone,91.5,88.5,023,NN,023,Tone->Tone,NFM,5.00,,5.0W,147 simplex block,,,,
154,,147.537500,split,147.537500,Tone,91.5,88.5,023,NN,023,Tone->Tone,NFM,5.00,,5.0W,147 simplex block,,,,
155,,147.550000,split,147.550000,Tone,91.5,88.5,023,NN,023,Tone->Tone,NFM,5.00,,5.0W,147 simplex block,,,,
156,,147.562500,split,147.562500,Tone,91.5,88.5,023,NN,023,Tone->Tone,NFM,5.00,,5.0W,147 simplex block,,,,
157,,147.575000,split,147.575000,Tone,91.5,88.5,023,NN,023,Tone->Tone,NFM,5.00,,5.0W,147 simplex block,,,,
158,,147.587500,split,147.587500,Tone,91.5,88.5,023,NN,023,Tone->Tone,NFM,5.00,,5.0W,147 simplex block,,,,
159,,147.600000,split,147.600000,Tone,91.5,88.5,023,NN,023,Tone->Tone,NFM,5.00,,5.0W,147 simplex block,,,,
162,King SKW,147.160000,+,0.600000,Tone,103.5,88.5,023,NN,023,Tone->Tone,FM,5.00,,5.0W,,,,,
163,King4FM,443.650000,+,5.000000,Tone,103.5,88.5,023,NN,023,Tone->Tone,FM,5.00,,5.0W,,,,,
164,Ferndale,442.825000,+,5.000000,Tone,156.7,88.5,023,NN,023,Tone->Tone,FM,5.00,,5.0W,,,,,
165,Sumas Mt,145.230000,-,0.600000,Tone,103.5,88.5,023,NN,023,Tone->Tone,FM,5.00,,5.0W,,,,,
166,ForksFEL,145.210000,-,0.600000,Tone,100.0,88.5,023,NN,023,Tone->Tone,FM,5.00,,5.0W,Mt. Gunderson full-time link to CLALLAM Pt Angeles W7FEL ,,,,
167,K7PP FOR,147.280000,+,0.600000,Tone,123.0,88.5,023,NN,023,Tone->Tone,FM,5.00,,5.0W,,,,,
168,PSE BLYN,442.425000,+,5.000000,Tone,103.5,88.5,023,NN,023,Tone->Tone,FM,5.00,,5.0W,PSE ARES BLYN,,,,
169,PSE ERIE,441.725000,+,5.000000,Tone,103.5,88.5,023,NN,023,Tone->Tone,FM,5.00,,5.0W,PSE ARES MT ERIE ANACORTES,,,,
170,SULTAN,444.125000,+,5.000000,Tone,103.5,88.5,023,NN,023,Tone->Tone,FM,5.00,,5.0W,W7SKY Sultan WA; Sky Valley ARC,,,,
172,Mercury,147.340000,+,0.600000,Tone,100.0,88.5,023,NN,023,Tone->Tone,FM,5.00,,5.0W,K6RFK Woodinville WA Mercury Northwest; WIDE,,,,
174,Belfair,145.170000,-,0.600000,Tone,103.5,88.5,023,NN,023,Tone->Tone,FM,5.00,,5.0W,NM7E WIDE ,,,,
175,Gig Hrbr,145.350000,-,0.600000,Tone,103.5,88.5,023,NN,023,Tone->Tone,FM,5.00,,5.0W,"KA7EOC Purdy Transfer Station, Gig Harbor WA; WIDE; Pierce Cty ARES District 5 ARES Peninsula Team",,,,
176,Pt Orch,441.575000,+,5.000000,Tone,100.0,88.5,023,NN,023,Tone->Tone,FM,5.00,,5.0W,W6AV,,,,
177,PSEgreen,441.750000,+,5.000000,Tone,103.5,88.5,023,NN,023,Tone->Tone,FM,5.00,,5.0W,PSE ARES GREEN MT,,,,
178,Shelton,145.125000,-,0.600000,Tone,110.9,88.5,023,NN,023,Tone->Tone,FM,5.00,,5.0W,KK7NQN; WIDE 185 watts ERP; TESTING according to repeaterbook,,,,
179,SouthMtn,441.925000,+,5.000000,Tone,100.0,88.5,023,NN,023,Tone->Tone,FM,5.00,,5.0W,"W7USJ South Mtn, Shelton WA",,,,
180,Crawford,441.400000,+,5.000000,Tone,103.5,88.5,023,NN,023,Tone->Tone,FM,5.00,,5.0W,"NT7H Crawford Mtn, Tenino WA; Olympia Amateur Radio Society",,,,
182,W7EATonv,442.725000,+,5.000000,Tone,103.5,88.5,023,NN,023,Tone->Tone,FM,5.00,,5.0W,,,,,
183,PackFrst,146.700000,-,0.600000,Tone,103.5,88.5,023,NN,023,Tone->Tone,FM,5.00,,5.0W,W7EAT Pack Forest linked to Paradise WW7CH (ASL 41340),,,,
184,Paradise,146.780000,-,0.600000,Tone,103.5,88.5,023,NN,023,Tone->Tone,FM,5.00,,5.0W,"WW7CH 41340 Paradise, Mt Tahoma",,,,
185,3sis DOB,147.300000,+,0.600000,Tone,88.5,88.5,023,NN,023,Tone->Tone,FM,5.00,,5.0W,"WB7DOB Three Sisters Buckley WA; WIDE South to Astoria, North to Seattle. ; Link to W7EAT Pack Forest and Paradise WW7CH",,,,
186,BaldiDOB,147.140000,+,0.600000,Tone,123.0,88.5,023,NN,023,Tone->Tone,FM,5.00,,5.0W,WB7DOB Baldi linked to Baldi UHF (ASL 46151),,,,
187,3sis PCM,444.675000,+,5.000000,Tone,136.5,88.5,023,NN,023,Tone->Tone,FM,5.00,,5.0W,WB7DOB Pierce Co Emergency Mgmt; ASL 46151,,,,
188,Graham,145.230000,-,0.600000,Tone,146.2,88.5,023,NN,023,Tone->Tone,FM,5.00,,5.0W,N3KPU Graham WA; YSF,,,,
189,MURRAY,442.750000,+,5.000000,Tone,146.2,88.5,023,NN,023,Tone->Tone,FM,5.00,,5.0W,"WA State EOC, Camp Murray, JBLM",,,,
190,Capitol,145.470000,-,0.600000,Tone,100.0,88.5,023,NN,023,Tone->Tone,FM,5.00,,5.0W,,,,,
191,WA SAR,155.160000,off,0.000000,,88.5,88.5,023,NN,023,Tone->Tone,NFM,5.00,,5.0W,,,,,
192,KC SAR,155.160000,off,0.000000,,88.5,88.5,023,NN,023,Tone->Tone,NFM,5.00,,5.0W,,,,,
193,KCSAR F2,154.965000,off,0.000000,,88.5,88.5,023,NN,023,Tone->Tone,NFM,5.00,,5.0W,,,,,
194,KCSAR F3,153.775000,off,0.000000,,88.5,88.5,023,NN,023,Tone->Tone,NFM,5.00,,5.0W,,,,,
195,7SAR Sky,145.110000,-,0.600000,Tone,123.0,88.5,023,NN,023,Tone->Tone,FM,5.00,,5.0W,,,,,
196,7SAR Snk,145.110000,-,0.600000,Tone,103.5,88.5,023,NN,023,Tone->Tone,FM,5.00,,5.0W,,,,,
197,SoSound,151.625000,off,0.000000,,88.5,88.5,023,NN,023,Tone->Tone,NFM,5.00,,0.5W,,,,,
198,ThursCo,155.145000,off,0.000000,,88.5,88.5,023,NN,023,Tone->Tone,NFM,5.00,,0.5W,,,,,
199,Snoh SAR,155.415000,off,0.000000,,88.5,88.5,023,NN,023,Tone->Tone,NFM,5.00,,0.5W,,,,,
200,WA Parks,151.280000,off,0.000000,,88.5,88.5,023,NN,023,Tone->Tone,FM,5.00,,5.0W,WA Park Service Common State Wide Ops,,,,
221,,430.000000,off,5.000000,,100.0,100.0,023,NN,023,Tone->Tone,FM,0.00,,5.0W,,,,,
222,,144.000000,off,0.600000,,100.0,100.0,023,NN,023,Tone->Tone,FM,0.00,,5.0W,,,,,
223,,94.900000,off,0.000000,,100.0,100.0,023,NN,023,Tone->Tone,FM,0.00,,5.0W,,,,,
224,,146.660000,,0.600000,Tone,103.5,103.5,023,NN,023,Tone->Tone,FM,5.00,,5.0W,,,,,
225,,440.150000,,5.000000,Tone,103.5,103.5,023,NN,023,Tone->Tone,FM,0.00,,2.5W,,,,,
226,,95.000000,off,0.000000,,100.0,100.0,023,NN,023,Tone->Tone,FM,0.00,,5.0W,,,,,
227,,144.000000,off,0.600000,,100.0,100.0,023,NN,023,Tone->Tone,FM,0.00,,5.0W,,,,,
228,,430.000000,off,5.000000,,100.0,100.0,023,NN,023,Tone->Tone,FM,0.00,,5.0W,,,,,
229,,430.000000,off,5.000000,,100.0,100.0,023,NN,023,Tone->Tone,FM,0.00,,5.0W,,,,,
230,,144.000000,off,0.600000,,100.0,100.0,023,NN,023,Tone->Tone,FM,0.00,,5.0W,,,,,
231,,100.000000,off,0.000000,,100.0,100.0,023,NN,023,Tone->Tone,FM,0.00,,5.0W,,,,,
232,,144.000000,off,0.600000,,100.0,100.0,023,NN,023,Tone->Tone,FM,0.00,,5.0W,,,,,
